content_type,item,slug,platform,text,hashtags,image
perfumes,غايدنس ٤٦ من أموج,guidance-46,Instagram,"أول عطر ندخله في زبدة العطور: غايدنس ٤٦ من أموج.

الزبدة: ريحة دافية، كمثرى حلوة وبندق محمص على ورد واضح. اختيار مناسب إذا تبي عطر نيش ناعم وفخم بدون ما تضيع بين آلاف الخيارات.

اكتشفه على app.alzbdh.com/perfumes",#زبدة #زبدة_العطور #عطور #أموج #نيش #عطر,perfumes/images/instagram_1080x1350/guidance-46.png
perfumes,غايدنس ٤٦ من أموج,guidance-46,TikTok,"تدور عطر نيش؟

غايدنس ٤٦ من أموج: كمثرى حلوة، بندق محمص، وورد واضح.

زبدة العطور على app.alzbdh.com/perfumes",#زبدة #زبدة_العطور #عطور #أموج #نيش #عطر,perfumes/images/tiktok_1080x1920/guidance-46.png
perfumes,غايدنس ٤٦ من أموج,guidance-46,X,"زبدة غايدنس ٤٦ من أموج: ريحة دافية، كمثرى حلوة وبندق محمص على ورد واضح.

إذا تبي عطر نيش فخم بدون حوسة، ابدأ من زبدة العطور.

app.alzbdh.com/perfumes",#زبدة #زبدة_العطور #عطور #أموج #نيش #عطر,perfumes/images/x_1600x900/guidance-46.png
